{"l2_loss": 20.001893939393938, "l1_loss": 377.8484848484849, "l0": 190.8235284053918, "frac_variance_explained": 0.8136837121212122, "cossim": 0.9375, "l2_ratio": 0.9386837121212122, "relative_reconstruction_bias": 1.0058001893939394, "frac_alive": 1.0, "hyperparameters": {"n_inputs": 200, "context_length": 2048}}